id,date,taskorder,tasknumber,taskordernumber,geomtasktime,metatasktime,totaltime,correctgeom,correctmetadata,total_correct_elements,correct_buildings_geom,correct_buildings_meta,participant,task,participant_age,task_id
186,2017-05-02 10:47:38.432350+00:00,"[4, 3, 2, 1]",3,1,90,46,136,6,5,11,"[15, 16, 17, 18, 19, 20]","[15, 17, 18, 19, 20]","id: 225, experienced: True, age: 25","id: 3, title: Building geometry and metadata",25,3
181,2017-05-02 10:28:53.756582+00:00,"[4, 1, 3, 2]",3,2,47,46,93,4,6,10,"[10, 11, 12, 14]","[9, 10, 11, 12, 13, 14]","id: 221, experienced: True, age: 23","id: 3, title: Building geometry and metadata",23,3
159,2017-05-02 09:15:20.465753+00:00,"[4, 1, 3, 2]",3,2,67,36,103,4,6,10,"[10, 11, 12, 14]","[9, 10, 11, 12, 13, 14]","id: 208, experienced: True, age: 25","id: 3, title: Building geometry and metadata",25,3
206,2017-05-03 07:18:50.394485+00:00,"[4, 3, 2, 1]",3,1,45,39,84,4,4,8,"[15, 16, 17, 19]","[15, 17, 18, 20]","id: 232, experienced: True, age: 22","id: 3, title: Building geometry and metadata",22,3
210,2017-05-03 07:22:29.692708+00:00,"[4, 2, 1, 3]",3,3,39,32,71,6,5,11,"[1, 2, 3, 4, 5, 6]","[1, 2, 3, 4, 5]","id: 230, experienced: True, age: 29","id: 3, title: Building geometry and metadata",29,3
215,2017-05-03 07:49:31.934750+00:00,"[4, 2, 1, 3]",3,3,124,61,185,6,4,10,"[15, 16, 17, 18, 19, 20]","[16, 18, 19, 20]","id: 234, experienced: True, age: 24","id: 3, title: Building geometry and metadata",24,3
219,2017-05-03 07:57:21.551473+00:00,"[4, 3, 2, 1]",3,1,86,93,179,6,4,10,"[1, 2, 3, 4, 5, 6]","[1, 3, 4, 5]","id: 238, experienced: True, age: 32","id: 3, title: Building geometry and metadata",32,3
225,2017-05-03 08:05:36.784417+00:00,"[4, 2, 3, 1]",3,2,120,97,217,6,4,10,"[9, 10, 11, 12, 13, 14]","[9, 10, 11, 13]","id: 236, experienced: True, age: 25","id: 3, title: Building geometry and metadata",25,3
238,2017-05-03 09:25:10.264095+00:00,"[4, 1, 2, 3]",3,3,183,75,258,4,3,7,"[3, 4, 5, 6]","[1, 3, 4]","id: 245, experienced: True, age: 42","id: 3, title: Building geometry and metadata",42,3
244,2017-05-03 10:13:16.286662+00:00,"[4, 3, 2, 1]",3,1,128,92,220,4,6,10,"[1, 2, 5, 6]","[1, 2, 3, 4, 5, 6]","id: 250, experienced: True, age: 23","id: 3, title: Building geometry and metadata",23,3
249,2017-05-03 10:28:10.886245+00:00,"[4, 3, 1, 2]",3,1,90,112,202,5,5,10,"[1, 2, 3, 5, 6]","[1, 2, 3, 4, 5]","id: 249, experienced: True, age: 23","id: 3, title: Building geometry and metadata",23,3
252,2017-05-03 10:41:22.223436+00:00,"[4, 1, 3, 2]",3,2,242,129,371,5,6,11,"[15, 16, 17, 18, 19]","[15, 16, 17, 18, 19, 20]","id: 252, experienced: True, age: 24","id: 3, title: Building geometry and metadata",24,3
266,2017-05-03 11:33:54.989499+00:00,"[4, 3, 1, 2]",3,1,132,50,182,6,5,11,"[1, 2, 3, 4, 5, 6]","[1, 2, 3, 4, 5]","id: 265, experienced: True, age: 49","id: 3, title: Building geometry and metadata",49,3
276,2017-05-03 12:33:40.456952+00:00,"[4, 3, 2, 1]",3,1,67,56,123,3,5,8,"[11, 12, 14]","[9, 10, 12, 13, 14]","id: 273, experienced: True, age: 31","id: 3, title: Building geometry and metadata",31,3
284,2017-05-03 12:58:13.210886+00:00,"[4, 1, 3, 2]",3,2,59,44,103,6,5,11,"[15, 16, 17, 18, 19, 20]","[15, 17, 18, 19, 20]","id: 275, experienced: True, age: 24","id: 3, title: Building geometry and metadata",24,3
285,2017-05-03 12:58:56.018468+00:00,"[4, 3, 1, 2]",3,1,123,74,197,5,5,10,"[10, 11, 12, 13, 14]","[9, 10, 12, 13, 14]","id: 277, experienced: True, age: 34","id: 3, title: Building geometry and metadata",34,3
293,2017-05-03 13:57:22.967173+00:00,"[4, 3, 1, 2]",3,1,120,98,218,6,4,10,"[1, 2, 3, 4, 5, 6]","[1, 3, 4, 5]","id: 284, experienced: True, age: 45","id: 3, title: Building geometry and metadata",45,3
296,2017-05-03 14:01:27.578499+00:00,"[4, 2, 3, 1]",3,2,190,96,286,6,3,9,"[9, 10, 11, 12, 13, 14]","[9, 13, 14]","id: 283, experienced: True, age: 54","id: 3, title: Building geometry and metadata",54,3
301,2017-05-03 14:45:17.880014+00:00,"[4, 3, 2, 1]",3,1,113,56,169,2,4,6,"[4, 5]","[1, 2, 3, 5]","id: 292, experienced: True, age: 36","id: 3, title: Building geometry and metadata",36,3
307,2017-05-03 15:10:30.784334+00:00,"[4, 3, 1, 2]",3,1,93,64,157,6,6,12,"[9, 10, 11, 12, 13, 14]","[9, 10, 11, 12, 13, 14]","id: 296, experienced: True, age: 43","id: 3, title: Building geometry and metadata",43,3
323,2017-05-03 16:09:46.255116+00:00,"[4, 3, 2, 1]",3,1,32,21,53,3,4,7,"[2, 3, 6]","[1, 2, 4, 6]","id: 308, experienced: True, age: 24","id: 3, title: Building geometry and metadata",24,3
326,2017-05-03 16:21:57.847912+00:00,"[4, 2, 1, 3]",3,3,285,61,346,6,5,11,"[15, 16, 17, 18, 19, 20]","[15, 16, 17, 18, 19]","id: 306, experienced: True, age: 46","id: 3, title: Building geometry and metadata",46,3
333,2017-05-03 17:29:09.917252+00:00,"[4, 3, 2, 1]",3,1,157,133,290,5,3,8,"[1, 3, 4, 5, 6]","[1, 2, 4]","id: 333, experienced: True, age: 27","id: 3, title: Building geometry and metadata",27,3
342,2017-05-03 17:48:05.162682+00:00,"[4, 3, 1, 2]",3,1,107,166,273,3,4,7,"[10, 13, 14]","[9, 10, 13, 14]","id: 341, experienced: True, age: 47","id: 3, title: Building geometry and metadata",47,3
347,2017-05-03 17:58:42.446365+00:00,"[4, 2, 1, 3]",3,3,150,68,218,5,3,8,"[1, 3, 4, 5, 6]","[1, 3, 4]","id: 340, experienced: True, age: 40","id: 3, title: Building geometry and metadata",40,3
350,2017-05-03 18:34:47.689346+00:00,"[4, 3, 2, 1]",3,1,46,66,112,6,4,10,"[15, 16, 17, 18, 19, 20]","[15, 16, 18, 20]","id: 350, experienced: True, age: 34","id: 3, title: Building geometry and metadata",34,3
354,2017-05-03 18:41:25.739729+00:00,"[4, 3, 2, 1]",3,1,224,75,299,6,4,10,"[1, 2, 3, 4, 5, 6]","[1, 3, 4, 5]","id: 351, experienced: True, age: 40","id: 3, title: Building geometry and metadata",40,3
361,2017-05-03 19:01:14.345753+00:00,"[4, 1, 3, 2]",3,2,165,121,286,5,4,9,"[15, 16, 17, 19, 20]","[15, 16, 17, 19]","id: 355, experienced: True, age: 29","id: 3, title: Building geometry and metadata",29,3
366,2017-05-03 19:12:24.973602+00:00,"[4, 3, 2, 1]",3,1,218,140,358,4,5,9,"[10, 11, 12, 13]","[9, 10, 12, 13, 14]","id: 358, experienced: True, age: 23","id: 3, title: Building geometry and metadata",23,3
377,2017-05-03 19:53:17.985065+00:00,"[4, 1, 2, 3]",3,3,81,26,107,4,6,10,"[10, 11, 12, 14]","[9, 10, 11, 12, 13, 14]","id: 368, experienced: True, age: 26","id: 3, title: Building geometry and metadata",26,3
381,2017-05-03 20:16:49.255207+00:00,"[4, 1, 3, 2]",3,2,69,46,115,5,4,9,"[9, 10, 11, 12, 14]","[9, 10, 13, 14]","id: 373, experienced: True, age: 36","id: 3, title: Building geometry and metadata",36,3
386,2017-05-03 20:40:01.817097+00:00,"[4, 1, 2, 3]",3,3,102,107,209,2,3,5,"[10, 14]","[10, 11, 12]","id: 380, experienced: True, age: 38","id: 3, title: Building geometry and metadata",38,3
399,2017-05-03 21:16:52.667950+00:00,"[4, 2, 1, 3]",3,3,53,35,88,4,4,8,"[2, 3, 4, 6]","[1, 2, 4, 5]","id: 374, experienced: True, age: 24","id: 3, title: Building geometry and metadata",24,3
403,2017-05-03 21:57:13.003321+00:00,"[4, 1, 2, 3]",3,3,124,29,153,6,6,12,"[15, 16, 17, 18, 19, 20]","[15, 16, 17, 18, 19, 20]","id: 391, experienced: True, age: 44","id: 3, title: Building geometry and metadata",44,3
411,2017-05-04 05:30:17.854450+00:00,"[4, 2, 1, 3]",3,3,95,33,128,2,6,8,"[17, 19]","[15, 16, 17, 18, 19, 20]","id: 402, experienced: True, age: 39","id: 3, title: Building geometry and metadata",39,3
413,2017-05-04 06:54:18.455165+00:00,"[4, 3, 1, 2]",3,1,74,66,140,6,3,9,"[15, 16, 17, 18, 19, 20]","[17, 19, 20]","id: 406, experienced: True, age: 34","id: 3, title: Building geometry and metadata",34,3
423,2017-05-04 07:26:01.251471+00:00,"[4, 1, 2, 3]",3,3,106,38,144,5,6,11,"[2, 3, 4, 5, 6]","[1, 2, 3, 4, 5, 6]","id: 408, experienced: True, age: 37","id: 3, title: Building geometry and metadata",37,3
463,2017-05-04 12:03:06.379323+00:00,"[4, 1, 2, 3]",3,3,92,53,145,5,5,10,"[9, 10, 11, 12, 14]","[9, 10, 11, 12, 14]","id: 427, experienced: True, age: 22","id: 3, title: Building geometry and metadata",22,3
464,2017-05-04 12:05:20.071040+00:00,"[4, 1, 3, 2]",3,2,68,67,135,5,3,8,"[15, 16, 17, 18, 19]","[17, 18, 20]","id: 428, experienced: True, age: 36","id: 3, title: Building geometry and metadata",36,3
476,2017-05-04 13:44:41.570947+00:00,"[4, 3, 2, 1]",3,1,104,94,198,4,6,10,"[15, 17, 18, 19]","[15, 16, 17, 18, 19, 20]","id: 436, experienced: True, age: 22","id: 3, title: Building geometry and metadata",22,3
483,2017-05-04 15:32:42.168928+00:00,"[4, 1, 2, 3]",3,3,56,65,121,5,5,10,"[15, 16, 17, 18, 19]","[15, 16, 17, 19, 20]","id: 441, experienced: True, age: 22","id: 3, title: Building geometry and metadata",22,3
491,2017-05-04 16:18:06.543575+00:00,"[4, 2, 1, 3]",3,3,175,40,215,5,4,9,"[15, 16, 17, 19, 20]","[15, 16, 17, 19]","id: 443, experienced: True, age: 56","id: 3, title: Building geometry and metadata",56,3
493,2017-05-04 19:17:01.570303+00:00,"[4, 3, 2, 1]",3,1,164,125,289,6,5,11,"[1, 2, 3, 4, 5, 6]","[1, 2, 3, 4, 5]","id: 446, experienced: True, age: 47","id: 3, title: Building geometry and metadata",47,3
497,2017-05-04 20:22:08.921739+00:00,"[4, 1, 2, 3]",3,3,63,74,137,4,5,9,"[10, 11, 12, 14]","[9, 10, 12, 13, 14]","id: 447, experienced: True, age: 23","id: 3, title: Building geometry and metadata",23,3
500,2017-05-04 21:50:33.195212+00:00,"[4, 2, 3, 1]",3,2,75,52,127,6,5,11,"[9, 10, 11, 12, 13, 14]","[9, 10, 11, 12, 13]","id: 448, experienced: True, age: 22","id: 3, title: Building geometry and metadata",22,3
505,2017-05-05 04:40:20.441645+00:00,"[4, 1, 2, 3]",3,3,66,54,120,5,3,8,"[9, 10, 11, 12, 14]","[9, 11, 13]","id: 450, experienced: True, age: 23","id: 3, title: Building geometry and metadata",23,3
508,2017-05-05 06:31:05.824291+00:00,"[4, 3, 1, 2]",3,1,75,79,154,6,4,10,"[15, 16, 17, 18, 19, 20]","[15, 17, 18, 20]","id: 452, experienced: True, age: 38","id: 3, title: Building geometry and metadata",38,3
512,2017-05-05 06:38:35.541600+00:00,"[4, 2, 3, 1]",3,2,110,58,168,5,4,9,"[15, 16, 17, 18, 19]","[15, 17, 18, 19]","id: 451, experienced: True, age: 43","id: 3, title: Building geometry and metadata",43,3
515,2017-05-05 06:43:27.639834+00:00,"[4, 3, 2, 1]",3,1,104,61,165,4,5,9,"[15, 16, 17, 19]","[15, 17, 18, 19, 20]","id: 454, experienced: True, age: 40","id: 3, title: Building geometry and metadata",40,3
519,2017-05-05 07:11:51.130851+00:00,"[4, 3, 2, 1]",3,1,112,88,200,4,5,9,"[10, 11, 12, 13]","[9, 10, 12, 13, 14]","id: 453, experienced: True, age: 51","id: 3, title: Building geometry and metadata",51,3
524,2017-05-05 07:34:48.459047+00:00,"[4, 3, 1, 2]",3,1,37,63,100,5,3,8,"[9, 10, 11, 12, 13]","[9, 13, 14]","id: 459, experienced: True, age: 51","id: 3, title: Building geometry and metadata",51,3
530,2017-05-05 07:41:28.320348+00:00,"[4, 3, 2, 1]",3,1,122,134,256,5,4,9,"[10, 11, 12, 13, 14]","[9, 10, 13, 14]","id: 460, experienced: True, age: 36","id: 3, title: Building geometry and metadata",36,3
534,2017-05-05 07:46:56.973745+00:00,"[4, 1, 2, 3]",3,3,108,78,186,6,5,11,"[9, 10, 11, 12, 13, 14]","[9, 10, 12, 13, 14]","id: 456, experienced: True, age: 42","id: 3, title: Building geometry and metadata",42,3
535,2017-05-05 07:47:24.059484+00:00,"[4, 1, 3, 2]",3,2,81,55,136,5,3,8,"[15, 16, 17, 19, 20]","[15, 18, 20]","id: 462, experienced: True, age: 39","id: 3, title: Building geometry and metadata",39,3
540,2017-05-05 08:06:40.134287+00:00,"[4, 3, 1, 2]",3,1,116,158,274,5,5,10,"[10, 11, 12, 13, 14]","[9, 10, 12, 13, 14]","id: 465, experienced: True, age: 44","id: 3, title: Building geometry and metadata",44,3
548,2017-05-05 08:28:03.608795+00:00,"[4, 3, 2, 1]",3,1,224,528,752,6,4,10,"[9, 10, 11, 12, 13, 14]","[9, 12, 13, 14]","id: 466, experienced: True, age: 52","id: 3, title: Building geometry and metadata",52,3
553,2017-05-05 09:56:27.882450+00:00,"[4, 3, 1, 2]",3,1,51,47,98,5,4,9,"[1, 3, 4, 5, 6]","[1, 2, 3, 4]","id: 471, experienced: True, age: 42","id: 3, title: Building geometry and metadata",42,3
558,2017-05-05 10:11:11.620016+00:00,"[4, 3, 2, 1]",3,1,115,188,303,5,4,9,"[15, 16, 17, 18, 19]","[17, 18, 19, 20]","id: 472, experienced: True, age: 34","id: 3, title: Building geometry and metadata",34,3
564,2017-05-05 10:17:36.521491+00:00,"[4, 1, 2, 3]",3,3,75,36,111,6,6,12,"[9, 10, 11, 12, 13, 14]","[9, 10, 11, 12, 13, 14]","id: 473, experienced: True, age: 24","id: 3, title: Building geometry and metadata",24,3
565,2017-05-05 10:18:13.806053+00:00,"[4, 1, 2, 3]",3,3,26,18,44,4,5,9,"[15, 16, 19, 20]","[15, 17, 18, 19, 20]","id: 455, experienced: True, age: 41","id: 3, title: Building geometry and metadata",41,3
568,2017-05-05 10:28:24.729599+00:00,"[4, 1, 3, 2]",3,2,84,55,139,4,5,9,"[15, 16, 17, 19]","[15, 17, 18, 19, 20]","id: 474, experienced: True, age: 45","id: 3, title: Building geometry and metadata",45,3
586,2017-05-05 10:51:27.798926+00:00,"[4, 3, 1, 2]",3,1,417,241,658,5,5,10,"[1, 2, 3, 5, 6]","[1, 2, 3, 4, 5]","id: 478, experienced: True, age: 54","id: 3, title: Building geometry and metadata",54,3
589,2017-05-05 10:53:31.025975+00:00,"[4, 2, 3, 1]",3,2,76,59,135,3,5,8,"[10, 11, 12]","[9, 11, 12, 13, 14]","id: 476, experienced: True, age: 46","id: 3, title: Building geometry and metadata",46,3
618,2017-05-05 12:15:43.871048+00:00,"[4, 1, 3, 2]",3,2,73,44,117,4,4,8,"[15, 16, 17, 19]","[15, 18, 19, 20]","id: 507, experienced: True, age: 22","id: 3, title: Building geometry and metadata",22,3
660,2017-05-05 18:07:07.736920+00:00,"[4, 1, 3, 2]",3,2,147,135,282,6,4,10,"[15, 16, 17, 18, 19, 20]","[15, 18, 19, 20]","id: 534, experienced: True, age: 36","id: 3, title: Building geometry and metadata",36,3
667,2017-05-05 19:52:15.433360+00:00,"[4, 3, 1, 2]",3,1,226,61,287,6,5,11,"[1, 2, 3, 4, 5, 6]","[1, 2, 3, 4, 5]","id: 537, experienced: True, age: 33","id: 3, title: Building geometry and metadata",33,3
671,2017-05-05 20:11:54.853773+00:00,"[4, 3, 2, 1]",3,1,106,60,166,6,5,11,"[15, 16, 17, 18, 19, 20]","[15, 17, 18, 19, 20]","id: 538, experienced: True, age: 24","id: 3, title: Building geometry and metadata",24,3
684,2017-05-06 10:08:23.480958+00:00,"[4, 1, 2, 3]",3,3,89,25,114,4,6,10,"[10, 11, 12, 14]","[9, 10, 11, 12, 13, 14]","id: 547, experienced: True, age: 24","id: 3, title: Building geometry and metadata",24,3
688,2017-05-06 10:20:34.056265+00:00,"[4, 2, 1, 3]",3,3,54,24,78,6,5,11,"[1, 2, 3, 4, 5, 6]","[1, 2, 3, 4, 5]","id: 548, experienced: True, age: 22","id: 3, title: Building geometry and metadata",22,3
692,2017-05-06 11:09:30.045814+00:00,"[4, 2, 1, 3]",3,3,68,54,122,6,6,12,"[15, 16, 17, 18, 19, 20]","[15, 16, 17, 18, 19, 20]","id: 549, experienced: True, age: 23","id: 3, title: Building geometry and metadata",23,3
710,2017-05-07 08:03:53.039711+00:00,"[4, 1, 2, 3]",3,3,277,186,463,5,2,7,"[2, 3, 4, 5, 6]","[1, 2]","id: 556, experienced: True, age: 54","id: 3, title: Building geometry and metadata",54,3
716,2017-05-07 14:15:26.390554+00:00,"[4, 3, 2, 1]",3,1,126,91,217,6,5,11,"[9, 10, 11, 12, 13, 14]","[9, 10, 12, 13, 14]","id: 560, experienced: True, age: 22","id: 3, title: Building geometry and metadata",22,3
725,2017-05-07 15:19:12.819848+00:00,"[4, 1, 3, 2]",3,2,102,48,150,5,5,10,"[15, 16, 17, 18, 19]","[15, 17, 18, 19, 20]","id: 562, experienced: True, age: 24","id: 3, title: Building geometry and metadata",24,3
729,2017-05-07 18:14:44.683951+00:00,"[4, 2, 3, 1]",3,2,156,85,241,6,4,10,"[15, 16, 17, 18, 19, 20]","[15, 18, 19, 20]","id: 563, experienced: True, age: 46","id: 3, title: Building geometry and metadata",46,3
747,2017-05-08 06:29:49.985667+00:00,"[4, 1, 2, 3]",3,3,52,37,89,4,4,8,"[15, 17, 18, 19]","[15, 17, 18, 20]","id: 570, experienced: True, age: 35","id: 3, title: Building geometry and metadata",35,3
752,2017-05-08 06:47:23.243297+00:00,"[4, 2, 3, 1]",3,2,90,36,126,6,5,11,"[1, 2, 3, 4, 5, 6]","[1, 2, 3, 4, 5]","id: 573, experienced: True, age: 30","id: 3, title: Building geometry and metadata",30,3
774,2017-05-08 10:27:38.242382+00:00,"[4, 3, 2, 1]",3,1,208,78,286,6,6,12,"[1, 2, 3, 4, 5, 6]","[1, 2, 3, 4, 5, 6]","id: 589, experienced: True, age: 52","id: 3, title: Building geometry and metadata",52,3
792,2017-05-08 14:17:42.274407+00:00,"[4, 2, 3, 1]",3,2,77,52,129,6,6,12,"[15, 16, 17, 18, 19, 20]","[15, 16, 17, 18, 19, 20]","id: 592, experienced: True, age: 25","id: 3, title: Building geometry and metadata",25,3
801,2017-05-08 19:58:44.077850+00:00,"[4, 2, 1, 3]",3,3,106,133,239,5,4,9,"[10, 11, 12, 13, 14]","[9, 12, 13, 14]","id: 594, experienced: True, age: 50","id: 3, title: Building geometry and metadata",50,3
804,2017-05-08 22:07:38.431468+00:00,"[4, 1, 3, 2]",3,2,42,49,91,3,5,8,"[11, 12, 14]","[9, 10, 11, 12, 13]","id: 596, experienced: True, age: 33","id: 3, title: Building geometry and metadata",33,3
811,2017-05-09 08:21:01.577451+00:00,"[4, 2, 3, 1]",3,2,69,47,116,4,4,8,"[2, 3, 4, 5]","[2, 3, 5, 6]","id: 598, experienced: True, age: 44","id: 3, title: Building geometry and metadata",44,3
812,2017-05-09 08:23:50.446389+00:00,"[4, 2, 1, 3]",3,3,105,81,186,6,4,10,"[1, 2, 3, 4, 5, 6]","[1, 3, 4, 6]","id: 597, experienced: True, age: 34","id: 3, title: Building geometry and metadata",34,3
